{
  "kind": "youtube#searchListResponse",
  "etag": "BqtEhMXAdf_wpMat5j8RBcq5RuI",
  "nextPageToken": "CAwQAA",
  "regionCode": "BD",
  "pageInfo": {
    "totalResults": 461885,
    "resultsPerPage": 12
  },
  "items": [
    {
      "kind": "youtube#searchResult",
      "etag": "lWv53ZX7T_pAg7Xdap2bexK31rI",
      "id": {
        "kind": "youtube#video",
        "videoId": "CkRGJC0ytdU"
      },
      "snippet": {
        "publishedAt": "2020-12-04T23:00:02Z",
        "channelId": "UCR1_G0EoEIb87wi3GPlk-CQ",
        "title": "Real-Time Chat with Laravel, Vue.js &amp; Pusher",
        "description": "In this video I build a real-time chat application using: Laravel (Backend PHP Framework) Laravel Sanctum (Authentication Package) Jetstream Inertia ...",
        "thumbnails": {
          "default": {
            "url": "https://i.ytimg.com/vi/CkRGJC0ytdU/default.jpg",
            "width": 120,
            "height": 90
          },
          "medium": {
            "url": "https://i.ytimg.com/vi/CkRGJC0ytdU/mqdefault.jpg",
            "width": 320,
            "height": 180
          },
          "high": {
            "url": "https://i.ytimg.com/vi/CkRGJC0ytdU/hqdefault.jpg",
            "width": 480,
            "height": 360
          }
        },
        "channelTitle": "Scrypster",
        "liveBroadcastContent": "none",
        "publishTime": "2020-12-04T23:00:02Z"
      }
    },
    {
      "kind": "youtube#searchResult",
      "etag": "Ny-_UA12E19f5gLUNxTjUmVw7NQ",
      "id": {
        "kind": "youtube#video",
        "videoId": "mxGVjq8c3u4"
      },
      "snippet": {
        "publishedAt": "2020-09-23T07:11:49Z",
        "channelId": "UCDK30yVex7vYewwNaJP-IRA",
        "title": "Installing Chat System in Laravel | Laravel Chatify munafio package",
        "description": "Chat_System Integrate Chat System in Laravel Web App Authentication: Register User Login User Update user profile Update the chat color Update the chat ...",
        "thumbnails": {
          "default": {
            "url": "https://i.ytimg.com/vi/mxGVjq8c3u4/default.jpg",
            "width": 120,
            "height": 90
          },
          "medium": {
            "url": "https://i.ytimg.com/vi/mxGVjq8c3u4/mqdefault.jpg",
            "width": 320,
            "height": 180
          },
          "high": {
            "url": "https://i.ytimg.com/vi/mxGVjq8c3u4/hqdefault.jpg",
            "width": 480,
            "height": 360
          }
        },
        "channelTitle": "Career Development Lab",
        "liveBroadcastContent": "none",
        "publishTime": "2020-09-23T07:11:49Z"
      }
    },
    {
      "kind": "youtube#searchResult",
      "etag": "v9Ic0zZlGUeQllRDp23dXYhY55w",
      "id": {
        "kind": "youtube#video",
        "videoId": "H_4UubWE9NQ"
      },
      "snippet": {
        "publishedAt": "2018-12-16T10:16:57Z",
        "channelId": "UCJLGFWQfHhE9ENHHqgMXiow",
        "title": "#1: Laravel WebSockets Installation &amp; Configuration | Real-time Chat Application",
        "description": "Laravel WebSockets package is developed by Marcel Pociot and Freek Van der Herten. It is a WebSockets server implemented in PHP for your Laravel ...",
        "thumbnails": {
          "default": {
            "url": "https://i.ytimg.com/vi/H_4UubWE9NQ/default.jpg",
            "width": 120,
            "height": 90
          },
          "medium": {
            "url": "https://i.ytimg.com/vi/H_4UubWE9NQ/mqdefault.jpg",
            "width": 320,
            "height": 180
          },
          "high": {
            "url": "https://i.ytimg.com/vi/H_4UubWE9NQ/hqdefault.jpg",
            "width": 480,
            "height": 360
          }
        },
        "channelTitle": "QiroLab",
        "liveBroadcastContent": "none",
        "publishTime": "2018-12-16T10:16:57Z"
      }
    },
    {
      "kind": "youtube#searchResult",
      "etag": "HETJQlku_zvEP_ljB6BgH91u4ko",
      "id": {
        "kind": "youtube#video",
        "videoId": "VdlQJ7zHQK0"
      },
      "snippet": {
        "publishedAt": "2021-04-09T09:15:57Z",
        "channelId": "UCBBGM84ZOs7z5jpTQAaZ_Hg",
        "title": "Build a REALTIME CHAT app in Laravel | EASY Tutorial with Pusher",
        "description": "Learn how to build an easy chat application in Laravel by using Pushers broadcast features. We use the power of web sockets to create a Real-time chat ...",
        "thumbnails": {
          "default": {
            "url": "https://i.ytimg.com/vi/VdlQJ7zHQK0/default.jpg",
            "width": 120,
            "height": 90
          },
          "medium": {
            "url": "https://i.ytimg.com/vi/VdlQJ7zHQK0/mqdefault.jpg",
            "width": 320,
            "height": 180
          },
          "high": {
            "url": "https://i.ytimg.com/vi/VdlQJ7zHQK0/hqdefault.jpg",
            "width": 480,
            "height": 360
          }
        },
        "channelTitle": "Tyler Potts",
        "liveBroadcastContent": "none",
        "publishTime": "2021-04-09T09:15:57Z"
      }
    },
    {
      "kind": "youtube#searchResult",
      "etag": "BOcA43Th_mMTFou8-8B5MynB6o4",
      "id": {
        "kind": "youtube#video",
        "videoId": "5sXmfwnxfjA"
      },
      "snippet": {
        "publishedAt": "2018-05-09T00:28:57Z",
        "channelId": "UCj9VatwdukZjNOnIKcpWcsA",
        "title": "Messenger App with Laravel, Vue.JS &amp; Laravel Echo (E01 - setup and components)",
        "description": "In this small series we'll create a Messenger like application together. I'll show you how we can structure our components in a logical way, design all with flex ...",
        "thumbnails": {
          "default": {
            "url": "https://i.ytimg.com/vi/5sXmfwnxfjA/default.jpg",
            "width": 120,
            "height": 90
          },
          "medium": {
            "url": "https://i.ytimg.com/vi/5sXmfwnxfjA/mqdefault.jpg",
            "width": 320,
            "height": 180
          },
          "high": {
            "url": "https://i.ytimg.com/vi/5sXmfwnxfjA/hqdefault.jpg",
            "width": 480,
            "height": 360
          }
        },
        "channelTitle": "We Code",
        "liveBroadcastContent": "none",
        "publishTime": "2018-05-09T00:28:57Z"
      }
    },
    {
      "kind": "youtube#searchResult",
      "etag": "iqSKA4rEkKQAl4lrakuJh2xBrg8",
      "id": {
        "kind": "youtube#video",
        "videoId": "cPGhs94Rj5E"
      },
      "snippet": {
        "publishedAt": "2019-09-03T05:01:51Z",
        "channelId": "UCCGA9iWRQNF0VmWHc14_8Aw",
        "title": "Laravel realtime chatting application with php laravel 5.8 using pusher",
        "description": "Here you will learn how to create a realtime chat appication with php laravel 5.8. I have used pusher for realtime activity. To complete your won chatting system ...",
        "thumbnails": {
          "default": {
            "url": "https://i.ytimg.com/vi/cPGhs94Rj5E/default.jpg",
            "width": 120,
            "height": 90
          },
          "medium": {
            "url": "https://i.ytimg.com/vi/cPGhs94Rj5E/mqdefault.jpg",
            "width": 320,
            "height": 180
          },
          "high": {
            "url": "https://i.ytimg.com/vi/cPGhs94Rj5E/hqdefault.jpg",
            "width": 480,
            "height": 360
          }
        },
        "channelTitle": "Code For You",
        "liveBroadcastContent": "none",
        "publishTime": "2019-09-03T05:01:51Z"
      }
    },
    {
      "kind": "youtube#searchResult",
      "etag": "m5pw_oQ_q3eIKhg8kaZUhnhzIrc",
      "id": {
        "kind": "youtube#video",
        "videoId": "MNf0piqRdHg"
      },
      "snippet": {
        "publishedAt": "2021-04-21T00:45:14Z",
        "channelId": "UCMQz9iEYWUA74ndZXPzpBMg",
        "title": "Real-Time Chat Application with Laravel 8 using Socket.io",
        "description": "In this video you will learn about how to create a basic chat application using sockets. You will be able to learn how to integrate sockets in Laravel and create ...",
        "thumbnails": {
          "default": {
            "url": "https://i.ytimg.com/vi/MNf0piqRdHg/default.jpg",
            "width": 120,
            "height": 90
          },
          "medium": {
            "url": "https://i.ytimg.com/vi/MNf0piqRdHg/mqdefault.jpg",
            "width": 320,
            "height": 180
          },
          "high": {
            "url": "https://i.ytimg.com/vi/MNf0piqRdHg/hqdefault.jpg",
            "width": 480,
            "height": 360
          }
        },
        "channelTitle": "AB Nation Programmers",
        "liveBroadcastContent": "none",
        "publishTime": "2021-04-21T00:45:14Z"
      }
    },
    {
      "kind": "youtube#searchResult",
      "etag": "h1rHa94brYW91trgNrZ4K7a9uUE",
      "id": {
        "kind": "youtube#video",
        "videoId": "fNHI002mPGc"
      },
      "snippet": {
        "publishedAt": "2020-01-01T12:36:09Z",
        "channelId": "UCKKFolnUpLqYmH13Hr6lfJQ",
        "title": "Install Chatify v1.0 Laravel package to create a complete real-time chat app",
        "description": "Chatify is a package for #Laravel #PHP Framework to add a complete #realtime #chat system to your app by only a few steps. Chatify Official Docs ...",
        "thumbnails": {
          "default": {
            "url": "https://i.ytimg.com/vi/fNHI002mPGc/default.jpg",
            "width": 120,
            "height": 90
          },
          "medium": {
            "url": "https://i.ytimg.com/vi/fNHI002mPGc/mqdefault.jpg",
            "width": 320,
            "height": 180
          },
          "high": {
            "url": "https://i.ytimg.com/vi/fNHI002mPGc/hqdefault.jpg",
            "width": 480,
            "height": 360
          }
        },
        "channelTitle": "Munafio",
        "liveBroadcastContent": "none",
        "publishTime": "2020-01-01T12:36:09Z"
      }
    },
    {
      "kind": "youtube#searchResult",
      "etag": "UD9ho_POQIRc2z-5MAH9ZBRS2G8",
      "id": {
        "kind": "youtube#video",
        "videoId": "_6otf3BimvE"
      },
      "snippet": {
        "publishedAt": "2021-05-04T13:00:27Z",
        "channelId": "UCtVCwWAub-IEELqYoQBstqQ",
        "title": "laravel Livewire chat application without pusher | Livewire chat application | chat app",
        "description": "how to create live chat in laravel laravel live chat laravel live chat database laravel livewire live chat laravel livewire live chat api laravel livewire live chat app ...",
        "thumbnails": {
          "default": {
            "url": "https://i.ytimg.com/vi/_6otf3BimvE/default.jpg",
            "width": 120,
            "height": 90
          },
          "medium": {
            "url": "https://i.ytimg.com/vi/_6otf3BimvE/mqdefault.jpg",
            "width": 320,
            "height": 180
          },
          "high": {
            "url": "https://i.ytimg.com/vi/_6otf3BimvE/hqdefault.jpg",
            "width": 480,
            "height": 360
          }
        },
        "channelTitle": "T S Durjoy",
        "liveBroadcastContent": "none",
        "publishTime": "2021-05-04T13:00:27Z"
      }
    },
    {
      "kind": "youtube#searchResult",
      "etag": "6YyG8VKWyUFhhDXOmU-KsrfCzwg",
      "id": {
        "kind": "youtube#video",
        "videoId": "bm5XPlWW1EA"
      },
      "snippet": {
        "publishedAt": "2021-06-02T12:00:13Z",
        "channelId": "UCljAHzX-PBxv6WrXkI2rnQw",
        "title": "Build a Realtime Chat App with Laravel in 10 minutes",
        "description": "Learn how to create a Realtime Chat App with Laravel and Pusher. Source Code: https://github.com/scalablescripts/laravel-chat This video can be combined ...",
        "thumbnails": {
          "default": {
            "url": "https://i.ytimg.com/vi/bm5XPlWW1EA/default.jpg",
            "width": 120,
            "height": 90
          },
          "medium": {
            "url": "https://i.ytimg.com/vi/bm5XPlWW1EA/mqdefault.jpg",
            "width": 320,
            "height": 180
          },
          "high": {
            "url": "https://i.ytimg.com/vi/bm5XPlWW1EA/hqdefault.jpg",
            "width": 480,
            "height": 360
          }
        },
        "channelTitle": "Scalable Scripts",
        "liveBroadcastContent": "none",
        "publishTime": "2021-06-02T12:00:13Z"
      }
    },
    {
      "kind": "youtube#searchResult",
      "etag": "qc79kohq6mHN_3msSt6DpwxgXEk",
      "id": {
        "kind": "youtube#video",
        "videoId": "mitM_HCj-Sk"
      },
      "snippet": {
        "publishedAt": "2020-11-28T21:50:04Z",
        "channelId": "UCC8p8DURVUeaPYhUm8gfrxA",
        "title": "[NO PUSHER] Laravel  Real Time Chat between User and Admin with livewire",
        "description": "Github repo: https://github.com/hbakouane/admin-user-chatting Buy me a coffee: https://www.buymeacoffee.com/hbakouane Email me at ...",
        "thumbnails": {
          "default": {
            "url": "https://i.ytimg.com/vi/mitM_HCj-Sk/default.jpg",
            "width": 120,
            "height": 90
          },
          "medium": {
            "url": "https://i.ytimg.com/vi/mitM_HCj-Sk/mqdefault.jpg",
            "width": 320,
            "height": 180
          },
          "high": {
            "url": "https://i.ytimg.com/vi/mitM_HCj-Sk/hqdefault.jpg",
            "width": 480,
            "height": 360
          }
        },
        "channelTitle": "Programming is another world",
        "liveBroadcastContent": "none",
        "publishTime": "2020-11-28T21:50:04Z"
      }
    },
    {
      "kind": "youtube#searchResult",
      "etag": "s5UVqkJUPoDfa6MUAH8nbMGkDc0",
      "id": {
        "kind": "youtube#video",
        "videoId": "XpZo7rEvlMY"
      },
      "snippet": {
        "publishedAt": "2018-05-29T06:32:58Z",
        "channelId": "UC-V9gV5FodkyuRgriK7zD_w",
        "title": "Laravel Chat Box(bangla)",
        "description": "Chat System Using Laravel Forums(Bangla)",
        "thumbnails": {
          "default": {
            "url": "https://i.ytimg.com/vi/XpZo7rEvlMY/default.jpg",
            "width": 120,
            "height": 90
          },
          "medium": {
            "url": "https://i.ytimg.com/vi/XpZo7rEvlMY/mqdefault.jpg",
            "width": 320,
            "height": 180
          },
          "high": {
            "url": "https://i.ytimg.com/vi/XpZo7rEvlMY/hqdefault.jpg",
            "width": 480,
            "height": 360
          }
        },
        "channelTitle": "Easy WebWorld",
        "liveBroadcastContent": "none",
        "publishTime": "2018-05-29T06:32:58Z"
      }
    }
  ]
}
