{
  "kind": "youtube#videoListResponse",
  "etag": "I7-n5y3wEaNrp9U1GVXBghw85uI",
  "items": [
    {
      "kind": "youtube#video",
      "etag": "_BPFEIplxlu2RsrtKvqQYa5XENU",
      "id": "CkRGJC0ytdU",
      "snippet": {
        "publishedAt": "2020-12-04T23:00:02Z",
        "channelId": "UCR1_G0EoEIb87wi3GPlk-CQ",
        "title": "Real-Time Chat with Laravel, Vue.js & Pusher",
        "description": "In this video I build a real-time chat application using:\n\nLaravel (Backend PHP Framework)\nLaravel Sanctum (Authentication Package)\nJetstream Inertia (Front/Back end user authentication scaffolding)\nVue.js (Frontend Javascript Framework)\nPusher (Real-time web-socket connects)",
        "thumbnails": {
          "default": {
            "url": "https://i.ytimg.com/vi/CkRGJC0ytdU/default.jpg",
            "width": 120,
            "height": 90
          },
          "medium": {
            "url": "https://i.ytimg.com/vi/CkRGJC0ytdU/mqdefault.jpg",
            "width": 320,
            "height": 180
          },
          "high": {
            "url": "https://i.ytimg.com/vi/CkRGJC0ytdU/hqdefault.jpg",
            "width": 480,
            "height": 360
          },
          "standard": {
            "url": "https://i.ytimg.com/vi/CkRGJC0ytdU/sddefault.jpg",
            "width": 640,
            "height": 480
          },
          "maxres": {
            "url": "https://i.ytimg.com/vi/CkRGJC0ytdU/maxresdefault.jpg",
            "width": 1280,
            "height": 720
          }
        },
        "channelTitle": "Scrypster",
        "tags": [
          "Laravel",
          "Laravel Sanctum",
          "Jetstream",
          "Jetstream Inertia",
          "Inertia",
          "PHP",
          "Laravel PHP",
          "Real-time chat",
          "Chat App",
          "Chat Application",
          "Pusher",
          "Pusher Web-sockets",
          "Web-sockets",
          "websockets",
          "Pusher Websockets",
          "Laravel Echo",
          "Laravel pusher"
        ],
        "categoryId": "28",
        "liveBroadcastContent": "none",
        "localized": {
          "title": "Real-Time Chat with Laravel, Vue.js & Pusher",
          "description": "In this video I build a real-time chat application using:\n\nLaravel (Backend PHP Framework)\nLaravel Sanctum (Authentication Package)\nJetstream Inertia (Front/Back end user authentication scaffolding)\nVue.js (Frontend Javascript Framework)\nPusher (Real-time web-socket connects)"
        },
        "defaultAudioLanguage": "en"
      }
    }
  ],
  "pageInfo": {
    "totalResults": 1,
    "resultsPerPage": 1
  }
}
